,epoch,iters,G_L1,G_GAN,G_total,D_real,D_fake,time
0,0,0,0.3549823760986328,0.8138431310653687,36.31208038330078,0.8796499371528625,0.8681397438049316,0 days 00:00:10.178563000
1,0,100,0.3586301803588867,1.869969129562378,37.73298645019531,0.28241845965385437,0.08601042628288269,0 days 00:00:28.160206000
2,0,200,0.32381293177604675,1.242113709449768,33.623409271240234,0.05078662931919098,0.08335330337285995,0 days 00:00:46.229178000
3,0,300,0.3584270775318146,2.0282673835754395,37.870975494384766,0.9225888252258301,0.22648438811302185,0 days 00:01:04.500339000
0,1,0,0.22578181326389313,1.7931206226348877,24.37130355834961,0.06820497661828995,0.06114910542964935,0 days 00:01:24.232696000
1,1,100,0.3787213861942291,2.2325351238250732,40.10467529296875,0.00476881442591548,0.036513715982437134,0 days 00:01:42.424666000
2,1,200,0.4584308862686157,1.523694396018982,47.366783142089844,0.0062654525972902775,0.06713869422674179,0 days 00:02:00.737196000
3,1,300,0.36261746287345886,3.000643491744995,39.26239013671875,0.005595411639660597,0.018962109461426735,0 days 00:02:18.626921000
