,epoch,iters,G_lr,D_lr,G_L1,G_GAN,G_total,D_real,D_fake,time
0,0,0,0.00019999999494757503,0.00019999999494757503,0.3585308790206909,0.6972898244857788,36.550376892089844,0.5855934023857117,1.2962998151779175,0 days 00:00:10.137302000
1,0,100,0.00019999999494757503,0.00019999999494757503,0.3543721139431,2.0470523834228516,37.48426055908203,0.267641544342041,0.08913137763738632,0 days 00:00:28.600612000
2,0,200,0.00019999999494757503,0.00019999999494757503,0.3255380392074585,1.5433921813964844,34.09719467163086,0.034885287284851074,0.07666747272014618,0 days 00:00:47.466824000
3,0,300,0.00019999999494757503,0.00019999999494757503,0.3599378764629364,2.2375524044036865,38.23133850097656,0.061126966029405594,0.04611426591873169,0 days 00:01:05.873501000
