,epoch,batch,D_trained,D_loss_real,D_loss_fake,D_acc_fake,G_total_loss,G_L1_loss,G_Disc_loss,time
0,0,0,True,3.753445625305176,3.07120680809021,0.33251953125,184.6959228515625,1.8111432790756226,3.581590414047241,0 days 00:00:27.606061000
