,epoch,batch,sample,D_loss,D_acc,G_total_loss,G_L1_loss,G_Disc_loss
0,0,0,0,0.7423993945121765,0.2646484375,29.550718307495117,0.2877209186553955,0.7786276340484619
0,0,0,1,0.7878434658050537,0.1962890625,32.96498489379883,0.32257235050201416,0.7077476978302002
0,0,0,2,0.6610698699951172,0.3125,32.49037551879883,0.31613779067993164,0.8765972852706909
0,0,0,0,1.0891244411468506,0.0361328125,31.260549545288086,0.30649495124816895,0.6110547780990601
0,0,0,1,1.064810037612915,0.0478515625,34.290618896484375,0.33679550886154175,0.6110671758651733
0,0,0,2,1.126367449760437,0.0732421875,34.36764144897461,0.33765846490859985,0.6017956733703613
