,epoch,batch,sample,D_loss,D_acc,G_total_loss,G_L1_loss,G_Disc_loss
0,0,0,0,0.7423993945121765,0.2646484375,29.550718307495117,0.2877209186553955,0.7786276340484619
0,0,0,1,0.7878434658050537,0.1962890625,32.96498489379883,0.32257235050201416,0.7077476978302002
0,0,0,2,0.6610698699951172,0.3125,32.49037551879883,0.31613779067993164,0.8765972852706909
